<?xml version="1.0" encoding="UTF-8"?>
<!DOCTYPE hibernate-configuration PUBLIC
	"-//Hibernate/Hibernate Configuration DTD 3.0//EN"
	"http://hibernate.sourceforge.net/hibernate-configuration-3.0.dtd">
<hibernate-configuration>
	<session-factory>
		<property name="hibernate.connection.username">root</property>
		<property name="hibernate.connection.url">jdbc:mysql://localhost:3306/framworkproject</property>
		<property name="hibernate.connection.password">abcd</property>
		<property name="hibernate.connection.driver_class">com.mysql.cj.jdbc.Driver</property>
		<property name="hibernate.show_sql">true</property>
		<property name="hbm2ddl.auto">update</property>
	<!-- 	<property name="hbm2ddl.auto">update</property> -->
		
		
		<mapping class="ONETOMANY.onetomany_maven.dto.ADDRESS"/>
		<mapping class="ONETOMANY.onetomany_maven.dto.PERSONS"/>
	</session-factory>
</hibernate-configuration>